team_id,team,conference,games,wins,losses,win_pct,avg_margin,ppg_for,ppg_against,pyth_win_pct,luck_overperformance,close_share_5,close_win_pct_5,close_games_5,close_wins_5,close_losses_5,adj_em
193,Miami (OH) RedHawks,Mid-American Conference,25.0,25.0,0.0,1.0,18.32,92.6,74.28,0.9265691927152919,0.07343080728470808,0.24,1.0,6.0,6.0,0.0,18.32
139,Saint Louis Billikens,Atlantic 10 Conference,25.0,24.0,1.0,0.96,23.44,90.76,67.32,0.9688034681404315,-0.008803468140431536,0.16,0.75,4.0,3.0,1.0,23.44
130,Michigan Wolverines,Big Ten Conference,25.0,24.0,1.0,0.96,22.28,90.6,68.32,0.9625252934398164,-0.002525293439816445,0.2,0.8,5.0,4.0,1.0,22.28
2272,High Point Panthers,Big South Conference,28.0,24.0,4.0,0.8571428571428571,21.25,91.78571428571429,70.53571428571429,0.9538399531560853,-0.09669709601322818,0.10714285714285714,0.6666666666666666,3.0,2.0,1.0,21.25
41,UConn Huskies,Big East Conference,26.0,24.0,2.0,0.9230769230769231,14.115384615384615,79.26923076923077,65.15384615384616,0.905092560124214,0.01798436295270911,0.3076923076923077,0.875,8.0,7.0,1.0,14.115384615384615
2057,Belmont Bruins,Missouri Valley Conference,28.0,24.0,4.0,0.8571428571428571,11.214285714285714,83.78571428571429,72.57142857142857,0.8392217699746304,0.017921087168226713,0.32142857142857145,0.7777777777777778,9.0,7.0,2.0,11.214285714285714
12,Arizona Wildcats,Big 12 Conference,25.0,23.0,2.0,0.92,19.64,88.24,68.6,0.9476151068088479,-0.027615106808847822,0.2,0.6,5.0,3.0,2.0,19.64
150,Duke Blue Devils,Atlantic Coast Conference,25.0,23.0,2.0,0.92,19.12,82.24,63.12,0.9544770688996289,-0.03447706889962887,0.16,0.5,4.0,2.0,2.0,19.12
248,Houston Cougars,Big 12 Conference,25.0,23.0,2.0,0.92,17.0,78.28,61.28,0.943515370386945,-0.023515370386944956,0.2,0.6,5.0,3.0,2.0,17.0
66,Iowa State Cyclones,Big 12 Conference,25.0,22.0,3.0,0.88,19.68,84.2,64.52,0.9552775443627,-0.07527754436269996,0.12,1.0,3.0,3.0,0.0,19.68
328,Utah State Aggies,Mountain West Conference,25.0,22.0,3.0,0.88,15.56,84.68,69.12,0.9117269905269332,-0.031726990526933174,0.24,1.0,6.0,6.0,0.0,15.56
258,Virginia Cavaliers,Atlantic Coast Conference,25.0,22.0,3.0,0.88,14.0,81.4,67.4,0.8975595608991818,-0.01755956089918176,0.24,0.8333333333333334,6.0,5.0,1.0,14.0
158,Nebraska Cornhuskers,Big Ten Conference,25.0,22.0,3.0,0.88,13.4,79.36,65.96,0.8934883189485503,-0.013488318948550293,0.24,0.6666666666666666,6.0,4.0,2.0,13.4
2335,Liberty Flames,Conference USA,25.0,22.0,3.0,0.88,11.2,78.92,67.72,0.8532235521930506,0.026776447806949433,0.24,0.8333333333333334,6.0,5.0,1.0,11.2
350,UNC Wilmington Seahawks,Coastal Athletic Association,26.0,22.0,4.0,0.8461538461538461,10.0,77.03846153846153,67.03846153846153,0.8318702304586274,0.014283615695218743,0.2692307692307692,0.8571428571428571,7.0,6.0,1.0,10.0
356,Illinois Fighting Illini,Big Ten Conference,26.0,21.0,5.0,0.8076923076923077,16.0,84.1923076923077,68.1923076923077,0.9186299122908018,-0.11093760459849411,0.19230769230769232,0.2,5.0,1.0,4.0,16.0
238,Vanderbilt Commodores,Southeastern Conference,25.0,21.0,4.0,0.84,14.8,88.4,73.6,0.8915923009017235,-0.05159230090172351,0.16,0.5,4.0,2.0,2.0,14.8
2509,Purdue Boilermakers,Big Ten Conference,25.0,21.0,4.0,0.84,14.04,82.64,68.6,0.8948543876486212,-0.05485438764862127,0.2,0.6,5.0,3.0,2.0,14.04
2426,Navy Midshipmen,Patriot League,27.0,21.0,6.0,0.7777777777777778,10.074074074074074,74.18518518518519,64.11111111111111,0.8426909545051778,-0.06491317672740005,0.18518518518518517,0.8,5.0,4.0,1.0,10.074074074074074
2244,George Mason Patriots,Atlantic 10 Conference,26.0,21.0,5.0,0.8076923076923077,7.269230769230769,74.53846153846153,67.26923076923077,0.7649552925463394,0.04273701514596828,0.15384615384615385,1.0,4.0,4.0,0.0,7.269230769230769
2006,Akron Zips,Mid-American Conference,25.0,20.0,5.0,0.8,14.96,89.88,74.92,0.8902822660056039,-0.09028226600560385,0.12,0.3333333333333333,3.0,1.0,2.0,14.96
2390,Miami Hurricanes,Atlantic Coast Conference,25.0,20.0,5.0,0.8,13.48,83.56,70.08,0.883207997641695,-0.08320799764169495,0.16,0.5,4.0,2.0,2.0,13.48
202,Tulsa Golden Hurricane,American Conference,26.0,20.0,6.0,0.7692307692307693,12.615384615384615,85.61538461538461,73.0,0.862138200845309,-0.09290743161453974,0.34615384615384615,0.5555555555555556,9.0,5.0,4.0,12.615384615384615
2599,St. John's Red Storm,Big East Conference,25.0,20.0,5.0,0.8,12.24,84.32,72.08,0.8585973314549235,-0.05859733145492341,0.2,0.8,5.0,4.0,1.0,12.24
127,Michigan State Spartans,Big Ten Conference,25.0,20.0,5.0,0.8,12.12,78.8,66.68,0.8722043566103984,-0.07220435661039837,0.2,0.6,5.0,3.0,2.0,12.12
43,Yale Bulldogs,Ivy League,24.0,20.0,4.0,0.8333333333333334,11.833333333333334,83.33333333333333,71.5,0.8533647137617075,-0.020031380428374157,0.16666666666666666,0.75,4.0,3.0,1.0,11.833333333333334
153,North Carolina Tar Heels,Atlantic Coast Conference,25.0,20.0,5.0,0.8,11.36,81.8,70.44,0.8480558583011092,-0.048055858301109144,0.24,0.8333333333333334,6.0,5.0,1.0,11.36
2670,VCU Rams,Atlantic 10 Conference,26.0,20.0,6.0,0.7692307692307693,11.0,83.5,72.5,0.8354135358826064,-0.06618276665183709,0.11538461538461539,0.3333333333333333,3.0,1.0,2.0,11.0
228,Clemson Tigers,Atlantic Coast Conference,26.0,20.0,6.0,0.7692307692307693,10.115384615384615,74.8076923076923,64.6923076923077,0.8416693640158941,-0.07243859478512482,0.38461538461538464,0.7,10.0,7.0,3.0,10.115384615384615
2630,UT Martin Skyhawks,Ohio Valley Conference,27.0,20.0,7.0,0.7407407407407407,9.0,72.51851851851852,63.51851851851852,0.8211076994988658,-0.08036695875812505,0.2222222222222222,0.8333333333333334,6.0,5.0,1.0,9.0
222,Villanova Wildcats,Big East Conference,25.0,20.0,5.0,0.8,8.64,77.76,69.12,0.7948651500294793,0.005134849970520716,0.2,0.6,5.0,3.0,2.0,8.64
97,Louisville Cardinals,Atlantic Coast Conference,25.0,19.0,6.0,0.76,15.96,86.88,70.92,0.9116714922119769,-0.15167149221197684,0.04,0.0,1.0,0.0,1.0,15.96
57,Florida Gators,Southeastern Conference,25.0,19.0,6.0,0.76,15.04,86.48,71.44,0.8999919578017068,-0.1399919578017068,0.24,0.3333333333333333,6.0,2.0,4.0,15.04
8,Arkansas Razorbacks,Southeastern Conference,25.0,19.0,6.0,0.76,12.28,88.76,76.48,0.8471510114098145,-0.08715101140981452,0.2,0.8,5.0,4.0,1.0,12.28
252,BYU Cougars,Big 12 Conference,25.0,19.0,6.0,0.76,11.96,86.48,74.52,0.8470598542040971,-0.08705985420409712,0.32,0.75,8.0,6.0,2.0,11.96
167,New Mexico Lobos,Mountain West Conference,25.0,19.0,6.0,0.76,11.28,80.8,69.52,0.8493060406725736,-0.08930604067257364,0.16,0.5,4.0,2.0,2.0,11.28
2046,Austin Peay Governors,ASUN Conference,25.0,19.0,6.0,0.76,10.92,82.04,71.12,0.8378939693564574,-0.07789396935645743,0.2,0.8,5.0,4.0,1.0,10.92
2737,Winthrop Eagles,Big South Conference,27.0,19.0,8.0,0.7037037037037037,10.444444444444445,85.03703703703704,74.5925925925926,0.8186199480543315,-0.11491624435062775,0.3333333333333333,0.6666666666666666,9.0,6.0,3.0,10.444444444444445
2193,East Tennessee State Buccaneers,Southern Conference,27.0,19.0,8.0,0.7037037037037037,10.222222222222221,78.33333333333333,68.11111111111111,0.8331443666789965,-0.12944066297529278,0.2962962962962963,0.5,8.0,4.0,4.0,10.222222222222221
2641,Texas Tech Red Raiders,Big 12 Conference,25.0,19.0,6.0,0.76,9.64,82.0,72.36,0.8081841660769696,-0.048184166076969626,0.36,0.6666666666666666,9.0,6.0,3.0,9.64
2305,Kansas Jayhawks,Big 12 Conference,25.0,19.0,6.0,0.76,9.12,77.12,68.0,0.8095874663514177,-0.04958746635141764,0.24,0.8333333333333334,6.0,5.0,1.0,9.12
2309,Kent State Golden Flashes,Mid-American Conference,26.0,19.0,7.0,0.7307692307692307,5.961538461538462,85.96153846153847,80.0,0.6956235426245853,0.03514568814464547,0.34615384615384615,0.7777777777777778,9.0,7.0,2.0,5.961538461538462
93,Murray State Racers,Missouri Valley Conference,28.0,19.0,9.0,0.6785714285714286,4.821428571428571,84.32142857142857,79.5,0.6630930528138838,0.015478375757544849,0.2857142857142857,0.625,8.0,5.0,3.0,4.821428571428571
2294,Iowa Hawkeyes,Big Ten Conference,25.0,18.0,7.0,0.72,12.08,76.96,64.88,0.8769202528439085,-0.15692025284390854,0.16,0.5,4.0,2.0,2.0,12.08
62,Hawai'i Rainbow Warriors,Big West Conference,24.0,18.0,6.0,0.75,11.958333333333334,79.75,67.79166666666667,0.8662569144761197,-0.11625691447611974,0.16666666666666666,0.75,4.0,3.0,1.0,11.958333333333334
2633,Tennessee Volunteers,Southeastern Conference,25.0,18.0,7.0,0.72,11.76,81.04,69.28,0.8585193001525844,-0.1385193001525844,0.28,0.42857142857142855,7.0,3.0,4.0,11.76
152,NC State Wolfpack,Atlantic Coast Conference,26.0,18.0,8.0,0.6923076923076923,10.576923076923077,84.96153846153847,74.38461538461539,0.8218481787049295,-0.12954048639723725,0.23076923076923078,0.3333333333333333,6.0,2.0,4.0,10.576923076923077
21,San Diego State Aztecs,Mountain West Conference,24.0,18.0,6.0,0.75,10.458333333333334,79.79166666666667,69.33333333333333,0.8341974804712309,-0.08419748047123088,0.25,0.5,6.0,3.0,3.0,10.458333333333334
58,South Florida Bulls,American Conference,26.0,18.0,8.0,0.6923076923076923,10.307692307692308,88.76923076923077,78.46153846153847,0.8052541738927164,-0.11294648158502407,0.23076923076923078,0.3333333333333333,6.0,2.0,4.0,10.307692307692308
333,Alabama Crimson Tide,Southeastern Conference,25.0,18.0,7.0,0.72,9.08,91.76,82.68,0.7682196407736727,-0.04821964077367269,0.2,0.8,5.0,4.0,1.0,9.08
275,Wisconsin Badgers,Big Ten Conference,25.0,18.0,7.0,0.72,8.08,83.68,75.6,0.7627385740052289,-0.04273857400522896,0.24,0.6666666666666666,6.0,4.0,2.0,8.08
2550,Seton Hall Pirates,Big East Conference,26.0,18.0,8.0,0.6923076923076923,6.6923076923076925,71.6923076923077,65.0,0.7552767308031649,-0.06296903849547264,0.2692307692307692,0.42857142857142855,7.0,3.0,4.0,6.6923076923076925
28,UC San Diego Tritons,Big West Conference,27.0,18.0,9.0,0.6666666666666666,6.037037037037037,76.33333333333333,70.29629629629629,0.7206105032163068,-0.05394383654964019,0.2962962962962963,0.375,8.0,3.0,5.0,6.037037037037037
25,California Golden Bears,Atlantic Coast Conference,26.0,18.0,8.0,0.6923076923076923,6.0,78.96153846153847,72.96153846153847,0.7127600996739251,-0.020452407366232772,0.23076923076923078,0.5,6.0,3.0,3.0,6.0
30,USC Trojans,Big Ten Conference,25.0,18.0,7.0,0.72,5.44,81.28,75.84,0.6892579522152055,0.0307420477847945,0.4,0.8,10.0,8.0,2.0,5.44
2561,Siena Saints,Metro Atlantic Athletic Conference,27.0,18.0,9.0,0.6666666666666666,4.888888888888889,71.0,66.11111111111111,0.6943308061577587,-0.027664139491092032,0.3333333333333333,0.5555555555555556,9.0,5.0,4.0,4.888888888888889
71,Bradley Braves,Missouri Valley Conference,27.0,18.0,9.0,0.6666666666666666,4.703703703703703,77.11111111111111,72.4074074074074,0.6734423590020192,-0.006775692335352579,0.1111111111111111,1.0,3.0,3.0,0.0,4.703703703703703
2523,Robert Morris Colonials,Horizon League,28.0,18.0,10.0,0.6428571428571429,4.428571428571429,78.07142857142857,73.64285714285714,0.6618536228710445,-0.01899648001390164,0.39285714285714285,0.45454545454545453,11.0,5.0,6.0,4.428571428571429
2514,Quinnipiac Bobcats,Metro Atlantic Athletic Conference,28.0,18.0,10.0,0.6428571428571429,4.071428571428571,75.5,71.42857142857143,0.6541879167665698,-0.011330773909426939,0.14285714285714285,0.5,4.0,2.0,2.0,4.071428571428571
2771,Merrimack Warriors,Metro Atlantic Athletic Conference,27.0,18.0,9.0,0.6666666666666666,1.7037037037037037,68.37037037037037,66.66666666666667,0.5720442187652647,0.09462244790140195,0.14814814814814814,0.75,4.0,3.0,1.0,1.7037037037037037
61,Georgia Bulldogs,Southeastern Conference,25.0,17.0,8.0,0.68,11.96,90.32,78.36,0.8366514449596794,-0.1566514449596793,0.32,0.625,8.0,5.0,3.0,11.96
245,Texas A&M Aggies,Southeastern Conference,25.0,17.0,8.0,0.68,11.24,89.8,78.56,0.8231456401699211,-0.14314564016992104,0.28,0.5714285714285714,7.0,4.0,3.0,11.24
300,UC Irvine Anteaters,Big West Conference,26.0,17.0,9.0,0.6538461538461539,9.653846153846153,77.65384615384616,68.0,0.8215176658751746,-0.16767151202902075,0.2692307692307692,0.42857142857142855,7.0,3.0,4.0,9.653846153846153
96,Kentucky Wildcats,Southeastern Conference,25.0,17.0,8.0,0.68,9.48,81.64,72.16,0.8052576389728786,-0.12525763897287856,0.24,0.6666666666666666,6.0,4.0,2.0,9.48
84,Indiana Hoosiers,Big Ten Conference,26.0,17.0,9.0,0.6538461538461539,9.0,80.34615384615384,71.34615384615384,0.796766977211064,-0.1429208233649102,0.11538461538461539,1.0,3.0,3.0,0.0,9.0
2534,Sam Houston Bearkats,Conference USA,25.0,17.0,8.0,0.68,9.0,82.96,73.96,0.7892803177713181,-0.10928031777131808,0.16,0.75,4.0,3.0,1.0,9.0
2567,SMU Mustangs,Atlantic Coast Conference,25.0,17.0,8.0,0.68,8.64,86.2,77.56,0.7711137942656192,-0.09111379426561916,0.28,0.42857142857142855,7.0,3.0,4.0,8.64
2382,Mercer Bears,Southern Conference,27.0,17.0,10.0,0.6296296296296297,8.62962962962963,82.88888888888889,74.25925925925925,0.7797642926096983,-0.1501346629800686,0.14814814814814814,0.25,4.0,1.0,3.0,8.62962962962963
2287,Illinois State Redbirds,Missouri Valley Conference,27.0,17.0,10.0,0.6296296296296297,8.296296296296296,76.37037037037037,68.07407407407408,0.7895942105541138,-0.15996458092448418,0.2962962962962963,0.375,8.0,3.0,5.0,8.296296296296296
2502,Portland State Vikings,Big Sky Conference,24.0,17.0,7.0,0.7083333333333334,8.0,77.75,69.75,0.7770717987607303,-0.06873846542739692,0.375,0.6666666666666666,9.0,6.0,3.0,8.0
2275,Hofstra Pride,Coastal Athletic Association,27.0,17.0,10.0,0.6296296296296297,7.962962962962963,75.77777777777777,67.81481481481481,0.781901268622461,-0.15227163899283136,0.48148148148148145,0.38461538461538464,13.0,5.0,8.0,7.962962962962963
2460,Northern Iowa Panthers,Missouri Valley Conference,27.0,17.0,10.0,0.6296296296296297,7.925925925925926,69.11111111111111,61.18518518518518,0.802313964332312,-0.1726843347026823,0.25925925925925924,0.2857142857142857,7.0,2.0,5.0,7.925925925925926
26,UCLA Bruins,Big Ten Conference,25.0,17.0,8.0,0.68,7.44,77.92,70.48,0.7602530404004899,-0.08025304040048986,0.2,0.6,5.0,3.0,2.0,7.44
2750,Wright State Raiders,Horizon League,27.0,17.0,10.0,0.6296296296296297,7.37037037037037,80.25925925925925,72.88888888888889,0.7517090540396942,-0.12207942441006459,0.25925925925925924,0.42857142857142855,7.0,3.0,4.0,7.37037037037037
2565,SIU Edwardsville Cougars,Ohio Valley Conference,27.0,17.0,10.0,0.6296296296296297,7.296296296296297,72.25925925925925,64.96296296296296,0.7727836412012401,-0.14315401157161045,0.37037037037037035,0.5,10.0,5.0,5.0,7.296296296296297
231,Furman Paladins,Southern Conference,27.0,17.0,10.0,0.6296296296296297,6.481481481481482,76.77777777777777,70.29629629629629,0.7338521375362246,-0.10422250790659493,0.4444444444444444,0.4166666666666667,12.0,5.0,7.0,6.481481481481482
2110,Central Arkansas Bears,ASUN Conference,27.0,17.0,10.0,0.6296296296296297,6.37037037037037,80.03703703703704,73.66666666666667,0.7218786243562587,-0.09224899472662906,0.1111111111111111,0.6666666666666666,3.0,2.0,1.0,6.37037037037037
2458,Northern Colorado Bears,Big Sky Conference,27.0,17.0,10.0,0.6296296296296297,6.2592592592592595,82.96296296296296,76.70370370370371,0.7113827632060046,-0.08175313357637493,0.4074074074074074,0.45454545454545453,11.0,5.0,6.0,6.2592592592592595
2540,UC Santa Barbara Gauchos,Big West Conference,26.0,17.0,9.0,0.6538461538461539,6.153846153846154,79.1923076923077,73.03846153846153,0.7171299491729795,-0.0632837953268256,0.2692307692307692,0.7142857142857143,7.0,5.0,2.0,6.153846153846154
142,Missouri Tigers,Southeastern Conference,25.0,17.0,8.0,0.68,5.72,80.04,74.32,0.7011298222942914,-0.02112982229429139,0.32,0.75,8.0,6.0,2.0,5.72
261,Vermont Catamounts,America East Conference,27.0,17.0,10.0,0.6296296296296297,5.333333333333333,75.18518518518519,69.85185185185185,0.6997573186233439,-0.07012768899371424,0.2962962962962963,0.5,8.0,4.0,4.0,5.333333333333333
2440,Nevada Wolf Pack,Mountain West Conference,25.0,17.0,8.0,0.68,5.0,76.16,71.16,0.6858769754335957,-0.005876975433595666,0.28,0.5714285714285714,7.0,4.0,3.0,5.0
2634,Tennessee State Tigers,Ohio Valley Conference,26.0,17.0,9.0,0.6538461538461539,4.6923076923076925,80.8076923076923,76.11538461538461,0.6655107802406617,-0.011664626394507827,0.2692307692307692,0.7142857142857143,7.0,5.0,2.0,4.6923076923076925
259,Virginia Tech Hokies,Atlantic Coast Conference,26.0,17.0,9.0,0.6538461538461539,4.423076923076923,79.15384615384616,74.73076923076923,0.6595449159338196,-0.005698762087665732,0.3076923076923077,0.625,8.0,5.0,3.0,4.423076923076923
2116,UCF Knights,Big 12 Conference,24.0,17.0,7.0,0.7083333333333334,4.083333333333333,81.75,77.66666666666667,0.6431944000936651,0.06513893323966824,0.20833333333333334,1.0,5.0,5.0,0.0,4.083333333333333
2747,Wofford Terriers,Southern Conference,27.0,17.0,10.0,0.6296296296296297,2.1481481481481484,79.14814814814815,77.0,0.5784548543966483,0.05117477523298131,0.1111111111111111,1.0,3.0,3.0,0.0,2.1481481481481484
232,Charleston Cougars,Coastal Athletic Association,27.0,17.0,10.0,0.6296296296296297,1.8148148148148149,75.74074074074075,73.92592592592592,0.5692777578876967,0.060351871741932905,0.3333333333333333,0.8888888888888888,9.0,8.0,1.0,1.8148148148148149
112358,Long Island University Sharks,Northeast Conference,26.0,17.0,9.0,0.6538461538461539,1.4230769230769231,72.8076923076923,71.38461538461539,0.5565078648752725,0.09733828897088137,0.38461538461538464,0.7,10.0,7.0,3.0,1.4230769230769231
189,Bowling Green Falcons,Mid-American Conference,26.0,16.0,10.0,0.6153846153846154,12.153846153846153,82.34615384615384,70.1923076923077,0.8625306569070683,-0.2471460415224529,0.23076923076923078,0.3333333333333333,6.0,2.0,4.0,12.153846153846153
251,Texas Longhorns,Southeastern Conference,25.0,16.0,9.0,0.64,10.84,85.2,74.36,0.8270635880713607,-0.1870635880713607,0.24,0.3333333333333333,6.0,2.0,4.0,10.84
194,Ohio State Buckeyes,Big Ten Conference,25.0,16.0,9.0,0.64,7.4,80.96,73.56,0.7506943204717438,-0.11069432047174377,0.28,0.42857142857142855,7.0,3.0,4.0,7.4
2724,Wichita State Shockers,American Conference,26.0,16.0,10.0,0.6153846153846154,7.076923076923077,77.11538461538461,70.03846153846153,0.7515637924974573,-0.1361791771128419,0.38461538461538464,0.4,10.0,4.0,6.0,7.076923076923077
47,Howard Bison,Mid-Eastern Athletic Conference,26.0,16.0,10.0,0.6153846153846154,6.846153846153846,75.34615384615384,68.5,0.7494122452075592,-0.1340276298229438,0.3076923076923077,0.375,8.0,3.0,5.0,6.846153846153846
2628,TCU Horned Frogs,Big 12 Conference,25.0,16.0,9.0,0.64,6.8,78.88,72.08,0.7382200364549797,-0.09822003645497968,0.4,0.5,10.0,5.0,5.0,6.8
2729,William & Mary Tribe,Coastal Athletic Association,26.0,16.0,10.0,0.6153846153846154,6.769230769230769,83.65384615384616,76.88461538461539,0.7251969280565008,-0.1098123126718854,0.23076923076923078,0.3333333333333333,6.0,2.0,4.0,6.769230769230769
2368,Marist Red Foxes,Metro Atlantic Athletic Conference,26.0,16.0,10.0,0.6153846153846154,6.576923076923077,70.03846153846153,63.46153846153846,0.7565801779460991,-0.1411955625614837,0.23076923076923078,0.3333333333333333,6.0,2.0,4.0,6.576923076923077
2253,Grand Canyon Lopes,Mountain West Conference,25.0,16.0,9.0,0.64,6.52,75.28,68.76,0.739199408057004,-0.099199408057004,0.08,0.5,2.0,1.0,1.0,6.52
277,West Virginia Mountaineers,Big 12 Conference,25.0,16.0,9.0,0.64,6.36,70.12,63.76,0.7490295616253996,-0.10902956162539956,0.2,0.6,5.0,3.0,2.0,6.36
2378,UMBC Retrievers,America East Conference,24.0,16.0,8.0,0.6666666666666666,6.291666666666667,75.16666666666667,68.875,0.7320930554091045,-0.06542638874243789,0.2916666666666667,0.5714285714285714,7.0,4.0,3.0,6.291666666666667
2815,Lindenwood Lions,Ohio Valley Conference,27.0,16.0,11.0,0.5925925925925926,6.148148148148148,79.0,72.85185185185185,0.7174259001994309,-0.1248333076068383,0.2222222222222222,0.6666666666666666,6.0,4.0,2.0,6.148148148148148
94,Northern Kentucky Norse,Horizon League,27.0,16.0,11.0,0.5925925925925926,6.111111111111111,82.92592592592592,76.81481481481481,0.7068901073662541,-0.11429751477366157,0.3333333333333333,0.4444444444444444,9.0,4.0,5.0,6.111111111111111
5,UAB Blazers,American Conference,26.0,16.0,10.0,0.6153846153846154,5.923076923076923,79.8076923076923,73.88461538461539,0.7082346545027834,-0.09285003911816803,0.38461538461538464,0.5,10.0,5.0,5.0,5.923076923076923
288,Lipscomb Bisons,ASUN Conference,27.0,16.0,11.0,0.5925925925925926,4.7407407407407405,81.11111111111111,76.37037037037037,0.666542686059656,-0.0739500934670635,0.18518518518518517,0.6,5.0,3.0,2.0,4.7407407407407405
2168,Dayton Flyers,Atlantic 10 Conference,25.0,16.0,9.0,0.64,4.44,75.84,71.4,0.6668054718447503,-0.02680547184475024,0.28,0.42857142857142855,7.0,3.0,4.0,4.44
2546,Southeast Missouri State Redhawks,Ohio Valley Conference,27.0,16.0,11.0,0.5925925925925926,4.296296296296297,75.74074074074075,71.44444444444444,0.6618511814476128,-0.06925858885502023,0.18518518518518517,0.6,5.0,3.0,2.0,4.296296296296297
302,UC Davis Aggies,Big West Conference,26.0,16.0,10.0,0.6153846153846154,3.6153846153846154,77.88461538461539,74.26923076923077,0.6333497769314826,-0.017965161546867225,0.2692307692307692,0.5714285714285714,7.0,4.0,3.0,3.6153846153846154
2142,Colgate Raiders,Patriot League,27.0,16.0,11.0,0.5925925925925926,3.5185185185185186,76.51851851851852,73.0,0.6321248805222951,-0.039532287929702536,0.4444444444444444,0.5,12.0,6.0,6.0,3.5185185185185186
197,Oklahoma State Cowboys,Big 12 Conference,25.0,16.0,9.0,0.64,3.4,84.72,81.32,0.6156290986190592,0.02437090138094078,0.2,0.6,5.0,3.0,2.0,3.4
2463,Cal State Northridge Matadors,Big West Conference,26.0,16.0,10.0,0.6153846153846154,3.0,82.0,79.0,0.6055443375281184,0.009840277856496993,0.15384615384615385,1.0,4.0,4.0,0.0,3.0
24,Stanford Cardinal,Atlantic Coast Conference,26.0,16.0,10.0,0.6153846153846154,2.8846153846153846,75.42307692307692,72.53846153846153,0.6102725886579629,0.005112026726652563,0.34615384615384615,0.6666666666666666,9.0,6.0,3.0,2.8846153846153846
2217,Fairfield Stags,Metro Atlantic Athletic Conference,27.0,16.0,11.0,0.5925925925925926,2.7037037037037037,75.55555555555556,72.85185185185185,0.6032590331299348,-0.010666440537342226,0.37037037037037035,0.7,10.0,7.0,3.0,2.7037037037037037
45,George Washington Revolutionaries,Atlantic 10 Conference,26.0,15.0,11.0,0.5769230769230769,10.153846153846153,83.1923076923077,73.03846153846153,0.8171176779593178,-0.2401946010362409,0.3076923076923077,0.25,8.0,2.0,6.0,10.153846153846153
147,Montana State Bobcats,Big Sky Conference,26.0,15.0,11.0,0.5769230769230769,7.038461538461538,77.76923076923077,70.73076923076923,0.748560478778437,-0.17163740185536014,0.4230769230769231,0.36363636363636365,11.0,4.0,7.0,7.038461538461538
2184,Duquesne Dukes,Atlantic 10 Conference,25.0,15.0,10.0,0.6,5.96,82.4,76.44,0.7033730573102895,-0.10337305731028956,0.2,0.4,5.0,2.0,3.0,5.96
171,Columbia Lions,Ivy League,24.0,15.0,9.0,0.625,5.75,78.25,72.5,0.7063466384514292,-0.0813466384514292,0.20833333333333334,0.8,5.0,4.0,1.0,5.75
36,Colorado State Rams,Mountain West Conference,25.0,15.0,10.0,0.6,5.64,75.96,70.32,0.7083186811429907,-0.1083186811429907,0.16,0.25,4.0,1.0,3.0,5.64
82,UIC Flames,Missouri Valley Conference,27.0,15.0,12.0,0.5555555555555556,5.333333333333333,75.07407407407408,69.74074074074075,0.7000302904193477,-0.14447473486379214,0.2962962962962963,0.5,8.0,4.0,4.0,5.333333333333333
2166,Davidson Wildcats,Atlantic 10 Conference,25.0,15.0,10.0,0.6,5.24,73.92,68.68,0.6996311398796116,-0.09963113987961159,0.16,0.75,4.0,3.0,1.0,5.24
68,Boise State Broncos,Mountain West Conference,25.0,15.0,10.0,0.6,4.76,79.32,74.56,0.670774598062712,-0.07077459806271202,0.4,0.5,10.0,5.0,5.0,4.76
249,North Texas Mean Green,American Conference,26.0,15.0,11.0,0.5769230769230769,4.461538461538462,70.61538461538461,66.15384615384616,0.6792979884191399,-0.10237491149606304,0.46153846153846156,0.5,12.0,6.0,6.0,4.461538461538462
2115,Central Connecticut Blue Devils,Northeast Conference,25.0,15.0,10.0,0.6,4.36,75.08,70.72,0.6655211176994593,-0.06552111769945934,0.16,0.75,4.0,3.0,1.0,4.36
183,Syracuse Orange,Atlantic Coast Conference,26.0,15.0,11.0,0.5769230769230769,4.346153846153846,76.5,72.15384615384616,0.662093312556093,-0.08517023563301618,0.2692307692307692,0.42857142857142855,7.0,3.0,4.0,4.346153846153846
113,Massachusetts Minutemen,Mid-American Conference,26.0,15.0,11.0,0.5769230769230769,4.346153846153846,81.0,76.65384615384616,0.6534452156768134,-0.07652213875373648,0.46153846153846156,0.4166666666666667,12.0,5.0,7.0,4.346153846153846
218,Temple Owls,American Conference,25.0,15.0,10.0,0.6,4.24,74.68,70.44,0.6619926702894743,-0.061992670289474305,0.48,0.5833333333333334,12.0,7.0,5.0,4.24
2084,Buffalo Bulls,Mid-American Conference,25.0,15.0,10.0,0.6,3.8,78.64,74.84,0.6386643426665959,-0.03866434266659591,0.28,0.42857142857142855,7.0,3.0,4.0,3.8
2612,Saint Peter's Peacocks,Metro Atlantic Athletic Conference,24.0,15.0,9.0,0.625,3.7083333333333335,72.25,68.54166666666667,0.647014261757424,-0.022014261757424047,0.2916666666666667,0.7142857142857143,7.0,5.0,2.0,3.7083333333333335
2535,Samford Bulldogs,Southern Conference,27.0,15.0,12.0,0.5555555555555556,3.4444444444444446,78.25925925925925,74.81481481481481,0.6265932067323572,-0.07103765117680161,0.25925925925925924,0.42857142857142855,7.0,3.0,4.0,3.4444444444444446
2603,Saint Joseph's Hawks,Atlantic 10 Conference,25.0,15.0,10.0,0.6,2.2,73.56,71.36,0.5864199251942822,0.013580074805717768,0.24,0.8333333333333334,6.0,5.0,1.0,2.2
2619,Stony Brook Seawolves,Coastal Athletic Association,26.0,15.0,11.0,0.5769230769230769,1.8846153846153846,71.96153846153847,70.07692307692308,0.5757107277315215,0.0012123491915553286,0.3076923076923077,0.625,8.0,5.0,3.0,1.8846153846153846
2870,Purdue Fort Wayne Mastodons,Horizon League,27.0,15.0,12.0,0.5555555555555556,1.7777777777777777,78.62962962962963,76.85185185185185,0.5653720995628183,-0.009816544007262729,0.2962962962962963,0.875,8.0,7.0,1.0,1.7777777777777777
2511,Queens University Royals,ASUN Conference,27.0,15.0,12.0,0.5555555555555556,0.7407407407407407,84.29629629629629,83.55555555555556,0.5253535118029624,0.030202043752593166,0.07407407407407407,0.5,2.0,1.0,1.0,0.7407407407407407
2413,Morehead State Eagles,Ohio Valley Conference,27.0,15.0,12.0,0.5555555555555556,0.25925925925925924,76.18518518518519,75.92592592592592,0.5097990955070181,0.045756460048537506,0.4074074074074074,0.7272727272727273,11.0,8.0,3.0,0.25925925925925924
314,Iona Gaels,Metro Atlantic Athletic Conference,27.0,15.0,12.0,0.5555555555555556,0.07407407407407407,73.18518518518519,73.11111111111111,0.5029113597508836,0.052644195804671945,0.2962962962962963,0.5,8.0,4.0,4.0,0.07407407407407407
2739,Green Bay Phoenix,Horizon League,28.0,15.0,13.0,0.5357142857142857,-0.42857142857142855,75.03571428571429,75.46428571428571,0.48363181514280973,0.05208247057147597,0.32142857142857145,0.7777777777777778,9.0,7.0,2.0,-0.42857142857142855
2655,Tulane Green Wave,American Conference,25.0,15.0,10.0,0.6,-0.88,72.68,73.56,0.46545405442612126,0.13454594557387872,0.36,0.7777777777777778,9.0,7.0,2.0,-0.88
2885,NJIT Highlanders,America East Conference,27.0,15.0,12.0,0.5555555555555556,-4.37037037037037,69.14814814814815,73.51851851851852,0.3307511752249702,0.22480438033058536,0.14814814814814814,0.75,4.0,3.0,1.0,-4.37037037037037
338,Kennesaw State Owls,Conference USA,25.0,14.0,11.0,0.56,8.32,85.12,76.8,0.7654616375495635,-0.20546163754956348,0.28,0.5714285714285714,7.0,4.0,3.0,8.32
70,Idaho Vandals,Big Sky Conference,26.0,14.0,12.0,0.5384615384615384,5.8076923076923075,79.46153846153847,73.65384615384616,0.7053306049099894,-0.166869066448451,0.34615384615384615,0.5555555555555556,9.0,5.0,4.0,5.8076923076923075
2226,Florida Atlantic Owls,American Conference,26.0,14.0,12.0,0.5384615384615384,5.730769230769231,81.03846153846153,75.3076923076923,0.699186762531704,-0.16072522407016554,0.38461538461538464,0.4,10.0,4.0,6.0,5.730769230769231
2230,Fordham Rams,Atlantic 10 Conference,26.0,14.0,12.0,0.5384615384615384,5.653846153846154,70.76923076923077,65.11538461538461,0.7226269749632551,-0.18416543650171668,0.38461538461538464,0.5,10.0,5.0,5.0,5.653846153846154
99,LSU Tigers,Southeastern Conference,25.0,14.0,11.0,0.56,5.4,80.72,75.32,0.6891755470419884,-0.1291755470419883,0.16,0.25,4.0,1.0,3.0,5.4
2132,Cincinnati Bearcats,Big 12 Conference,26.0,14.0,12.0,0.5384615384615384,5.3076923076923075,72.26923076923077,66.96153846153847,0.7062459480471774,-0.167784409585639,0.23076923076923078,0.16666666666666666,6.0,1.0,5.0,5.3076923076923075
149,Montana Grizzlies,Big Sky Conference,26.0,14.0,12.0,0.5384615384615384,5.076923076923077,78.38461538461539,73.3076923076923,0.6835348440614875,-0.14507330559994902,0.23076923076923078,0.5,6.0,3.0,3.0,5.076923076923077
2,Auburn Tigers,Southeastern Conference,25.0,14.0,11.0,0.56,4.92,83.96,79.04,0.6669548036428434,-0.10695480364284338,0.24,0.3333333333333333,6.0,2.0,4.0,4.92
2348,Louisiana Tech Bulldogs,Conference USA,25.0,14.0,11.0,0.56,4.68,69.16,64.48,0.6912088728974194,-0.13120887289741934,0.24,0.6666666666666666,6.0,4.0,2.0,4.68
257,Richmond Spiders,Atlantic 10 Conference,26.0,14.0,12.0,0.5384615384615384,4.0,77.8076923076923,73.8076923076923,0.6472423274554184,-0.10878078899388,0.3076923076923077,0.25,8.0,2.0,6.0,4.0
227,Rhode Island Rams,Atlantic 10 Conference,25.0,14.0,11.0,0.56,3.68,72.16,68.48,0.6461040590412795,-0.08610405904127949,0.28,0.42857142857142855,7.0,3.0,4.0,3.68
2344,Longwood Lancers,Big South Conference,28.0,14.0,14.0,0.5,3.5357142857142856,76.5,72.96428571428571,0.6327860088885656,-0.13278600888856562,0.39285714285714285,0.36363636363636365,11.0,4.0,7.0,3.5357142857142856
44,American University Eagles,Patriot League,27.0,14.0,13.0,0.5185185185185185,3.037037037037037,75.03703703703704,72.0,0.6165973670951569,-0.0980788485766384,0.25925925925925924,0.42857142857142855,7.0,3.0,4.0,3.037037037037037
108,Harvard Crimson,Ivy League,24.0,14.0,10.0,0.5833333333333334,3.0,70.79166666666667,67.79166666666667,0.6219828996473301,-0.03864956631399674,0.3333333333333333,0.625,8.0,5.0,3.0,3.0
2515,Radford Highlanders,Big South Conference,27.0,14.0,13.0,0.5185185185185185,2.962962962962963,82.18518518518519,79.22222222222223,0.6040237920074488,-0.08550527348893033,0.18518518518518517,0.4,5.0,2.0,3.0,2.962962962962963
98,Western Kentucky Hilltoppers,Conference USA,25.0,14.0,11.0,0.56,2.84,77.48,74.64,0.6057417868510178,-0.04574178685101771,0.36,0.5555555555555556,9.0,5.0,4.0,2.84
2210,Elon Phoenix,Coastal Athletic Association,27.0,14.0,13.0,0.5185185185185185,2.7777777777777777,80.96296296296296,78.18518518518519,0.5990440683670526,-0.0805255498485341,0.4074074074074074,0.6363636363636364,11.0,7.0,4.0,2.7777777777777777
179,St. Bonaventure Bonnies,Atlantic 10 Conference,25.0,14.0,11.0,0.56,2.56,76.6,74.04,0.5965001251928587,-0.03650012519285861,0.4,0.3,10.0,3.0,7.0,2.56
119,Towson Tigers,Coastal Athletic Association,27.0,14.0,13.0,0.5185185185185185,2.4444444444444446,69.4074074074074,66.96296296296296,0.6016440649063092,-0.08312554638779068,0.14814814814814814,0.5,4.0,2.0,2.0,2.4444444444444446
38,Colorado Buffaloes,Big 12 Conference,26.0,14.0,12.0,0.5384615384615384,1.5,80.03846153846153,78.53846153846153,0.5541780871227775,-0.01571654866123906,0.19230769230769232,0.2,5.0,1.0,4.0,1.5
2405,Monmouth Hawks,Coastal Athletic Association,26.0,14.0,12.0,0.5384615384615384,1.3846153846153846,72.57692307692308,71.1923076923077,0.5551535750504534,-0.016692036588914938,0.38461538461538464,0.5,10.0,5.0,5.0,1.3846153846153846
2473,Oakland Golden Grizzlies,Horizon League,27.0,14.0,13.0,0.5185185185185185,0.6296296296296297,82.74074074074075,82.11111111111111,0.5219473518190239,-0.003428833300505363,0.18518518518518517,0.6,5.0,3.0,2.0,0.6296296296296297
2674,Valparaiso Beacons,Missouri Valley Conference,27.0,14.0,13.0,0.5185185185185185,0.37037037037037035,71.33333333333333,70.96296296296296,0.5149617292086006,0.003556789309917874,0.37037037037037035,0.5,10.0,5.0,5.0,0.37037037037037035
2330,Le Moyne Dolphins,Northeast Conference,27.0,14.0,13.0,0.5185185185185185,0.18518518518518517,73.51851851851852,73.33333333333333,0.5072504413579467,0.011268077160571766,0.2222222222222222,0.6666666666666666,6.0,4.0,2.0,0.18518518518518517
239,Baylor Bears,Big 12 Conference,25.0,13.0,12.0,0.52,7.24,83.36,76.12,0.7397869766317763,-0.21978697663177627,0.08,0.0,2.0,0.0,2.0,7.24
2754,Youngstown State Penguins,Horizon League,27.0,13.0,14.0,0.48148148148148145,6.555555555555555,79.4074074074074,72.85185185185185,0.729262215882309,-0.24778073440082754,0.3333333333333333,0.2222222222222222,9.0,2.0,7.0,6.555555555555555
55,Jacksonville State Gamecocks,Conference USA,25.0,13.0,12.0,0.52,5.76,72.64,66.88,0.7211315285076335,-0.2011315285076335,0.28,0.5714285714285714,7.0,4.0,3.0,5.76
201,Oklahoma Sooners,Southeastern Conference,25.0,13.0,12.0,0.52,5.72,83.44,77.72,0.6935300031371788,-0.1735300031371788,0.2,0.4,5.0,2.0,3.0,5.72
2692,Weber State Wildcats,Big Sky Conference,27.0,13.0,14.0,0.48148148148148145,4.444444444444445,81.55555555555556,77.11111111111111,0.655753341447133,-0.1742718599656516,0.2962962962962963,0.375,8.0,3.0,5.0,4.444444444444445
264,Washington Huskies,Big Ten Conference,26.0,13.0,13.0,0.5,4.423076923076923,76.84615384615384,72.42307692307692,0.6641235798691484,-0.16412357986914838,0.15384615384615385,0.0,4.0,0.0,4.0,4.423076923076923
2751,Wyoming Cowboys,Mountain West Conference,25.0,13.0,12.0,0.52,4.24,77.44,73.2,0.6564564014778155,-0.13645640147781546,0.16,0.25,4.0,1.0,3.0,4.24
2649,Toledo Rockets,Mid-American Conference,26.0,13.0,13.0,0.5,3.230769230769231,80.84615384615384,77.61538461538461,0.6151463396288344,-0.11514633962883436,0.38461538461538464,0.3,10.0,3.0,7.0,3.230769230769231
2086,Butler Bulldogs,Big East Conference,26.0,13.0,13.0,0.5,2.923076923076923,79.73076923076923,76.8076923076923,0.6057623765903647,-0.10576237659036469,0.15384615384615385,0.5,4.0,2.0,2.0,2.923076923076923
154,Wake Forest Demon Deacons,Atlantic Coast Conference,25.0,13.0,12.0,0.52,2.68,79.68,77.0,0.5971133492467857,-0.0771133492467857,0.4,0.5,10.0,5.0,5.0,2.68
2623,Missouri State Bears,Conference USA,25.0,13.0,12.0,0.52,2.16,75.12,72.96,0.5831014127907057,-0.06310141279070569,0.28,0.42857142857142855,7.0,3.0,4.0,2.16
46,Georgetown Hoyas,Big East Conference,25.0,13.0,12.0,0.52,2.08,75.28,73.2,0.5798650304375522,-0.0598650304375522,0.28,0.2857142857142857,7.0,2.0,5.0,2.08
2385,Mercyhurst Lakers,Northeast Conference,27.0,13.0,14.0,0.48148148148148145,2.074074074074074,68.07407407407408,66.0,0.5880304979063321,-0.10654901642485065,0.37037037037037035,0.3,10.0,3.0,7.0,2.074074074074074
219,Pennsylvania Quakers,Ivy League,23.0,13.0,10.0,0.5652173913043478,2.0,76.56521739130434,74.56521739130434,0.5755154860614714,-0.010298094757123621,0.34782608695652173,0.375,8.0,3.0,5.0,2.0
305,DePaul Blue Demons,Big East Conference,25.0,13.0,12.0,0.52,1.48,71.72,70.24,0.5596630170514857,-0.03966301705148567,0.28,0.5714285714285714,7.0,4.0,3.0,1.48
156,Creighton Bluejays,Big East Conference,26.0,13.0,13.0,0.5,0.8846153846153846,76.03846153846153,75.15384615384616,0.5335925418166,-0.033592541816599986,0.3076923076923077,0.625,8.0,5.0,3.0,0.8846153846153846
2239,Cal State Fullerton Titans,Big West Conference,27.0,13.0,14.0,0.48148148148148145,0.8518518518518519,83.18518518518519,82.33333333333333,0.529558505057293,-0.048077023575811506,0.18518518518518517,0.2,5.0,1.0,4.0,0.8518518518518519
2182,Drexel Dragons,Coastal Athletic Association,26.0,13.0,13.0,0.5,0.8076923076923077,68.57692307692308,67.76923076923077,0.5340098606507218,-0.03400986065072176,0.34615384615384615,0.5555555555555556,9.0,5.0,4.0,0.8076923076923077
2439,UNLV Rebels,Mountain West Conference,25.0,13.0,12.0,0.52,0.44,79.2,78.76,0.5160112782570185,0.0039887217429814825,0.28,0.5714285714285714,7.0,4.0,3.0,0.44
2506,Presbyterian Blue Hose,Big South Conference,27.0,13.0,14.0,0.48148148148148145,0.25925925925925924,71.74074074074075,71.48148148148148,0.5104070935551906,-0.028925612073709195,0.25925925925925924,0.7142857142857143,7.0,5.0,2.0,0.25925925925925924
195,Ohio Bobcats,Mid-American Conference,26.0,13.0,13.0,0.5,-0.23076923076923078,77.57692307692308,77.8076923076923,0.4914612199983392,0.008538780001660806,0.3076923076923077,0.625,8.0,5.0,3.0,-0.23076923076923078
9,Arizona State Sun Devils,Big 12 Conference,25.0,13.0,12.0,0.52,-0.44,78.72,79.16,0.48398061411453397,0.03601938588546605,0.2,0.6,5.0,3.0,2.0,-0.44
2429,Charlotte 49ers,American Conference,25.0,13.0,12.0,0.52,-0.52,73.56,74.08,0.47975901980386876,0.04024098019613126,0.4,0.7,10.0,7.0,3.0,-0.52
2752,Xavier Musketeers,Big East Conference,25.0,13.0,12.0,0.52,-0.76,77.76,78.52,0.47206626495283255,0.04793373504716747,0.4,0.5,10.0,5.0,5.0,-0.76
172,Cornell Big Red,Ivy League,23.0,12.0,11.0,0.5217391304347826,6.217391304347826,90.34782608695652,84.1304347826087,0.6942222262087028,-0.17248309577392018,0.13043478260869565,0.3333333333333333,3.0,1.0,2.0,6.217391304347826
166,New Mexico State Aggies,Conference USA,25.0,12.0,13.0,0.48,4.72,75.84,71.12,0.6767680816647352,-0.19676808166473525,0.24,0.0,6.0,0.0,6.0,4.72
2229,Florida International Panthers,Conference USA,25.0,12.0,13.0,0.48,3.8,81.56,77.76,0.6338305710861166,-0.15383057108611664,0.24,0.3333333333333333,6.0,2.0,4.0,3.8
2127,Charleston Southern Buccaneers,Big South Conference,27.0,12.0,15.0,0.4444444444444444,3.5185185185185186,82.96296296296296,79.44444444444444,0.6220756357243218,-0.17763119127987737,0.2962962962962963,0.25,8.0,2.0,6.0,3.5185185185185186
79,Southern Illinois Salukis,Missouri Valley Conference,27.0,12.0,15.0,0.4444444444444444,3.037037037037037,74.11111111111111,71.07407407407408,0.6180294606170256,-0.17358501617258115,0.37037037037037035,0.4,10.0,4.0,6.0,3.037037037037037
2450,Norfolk State Spartans,Mid-Eastern Athletic Conference,26.0,12.0,14.0,0.46153846153846156,2.8461538461538463,75.6923076923077,72.84615384615384,0.6084396903848063,-0.1469012288463447,0.34615384615384615,0.3333333333333333,9.0,3.0,6.0,2.8461538461538463
2393,Middle Tennessee Blue Raiders,Conference USA,25.0,12.0,13.0,0.48,2.52,75.44,72.92,0.5964533451987838,-0.11645334519878381,0.52,0.5384615384615384,13.0,7.0,6.0,2.52
2427,UNC Asheville Bulldogs,Big South Conference,26.0,12.0,14.0,0.46153846153846156,2.0,73.8076923076923,71.8076923076923,0.5783297392971843,-0.11679127775872278,0.38461538461538464,0.3,10.0,3.0,7.0,2.0
52,Florida State Seminoles,Atlantic Coast Conference,25.0,12.0,13.0,0.48,1.96,80.36,78.4,0.5705180382397821,-0.0905180382397821,0.32,0.375,8.0,3.0,5.0,1.96
278,Fresno State Bulldogs,Mountain West Conference,25.0,12.0,13.0,0.48,1.92,73.72,71.8,0.5752932677308297,-0.09529326773082969,0.36,0.4444444444444444,9.0,4.0,5.0,1.92
2097,Campbell Fighting Camels,Coastal Athletic Association,26.0,12.0,14.0,0.46153846153846156,1.3461538461538463,79.88461538461539,78.53846153846153,0.548705188305606,-0.08716672676714443,0.2692307692307692,0.42857142857142855,7.0,3.0,4.0,1.3461538461538463
2261,Hampton Pirates,Coastal Athletic Association,26.0,12.0,14.0,0.46153846153846156,1.3076923076923077,70.07692307692308,68.76923076923077,0.5539459297884154,-0.09240746824995383,0.38461538461538464,0.4,10.0,4.0,6.0,1.3076923076923077
87,Notre Dame Fighting Irish,Atlantic Coast Conference,26.0,12.0,14.0,0.46153846153846156,1.2307692307692308,74.65384615384616,73.42307692307692,0.5476482790969494,-0.08610981755848779,0.34615384615384615,0.4444444444444444,9.0,4.0,5.0,1.2307692307692308
2181,Drake Bulldogs,Missouri Valley Conference,28.0,12.0,16.0,0.42857142857142855,1.2142857142857142,76.75,75.53571428571429,0.5457218552793861,-0.11715042670795756,0.35714285714285715,0.4,10.0,4.0,6.0,1.2142857142857142
235,Memphis Tigers,American Conference,25.0,12.0,13.0,0.48,1.0,74.8,73.8,0.5386179993239166,-0.05861799932391665,0.16,0.25,4.0,1.0,3.0,1.0
526,Florida Gulf Coast Eagles,ASUN Conference,27.0,12.0,15.0,0.4444444444444444,0.8518518518518519,78.81481481481481,77.96296296296296,0.5312023259244982,-0.08675788148005381,0.25925925925925924,0.2857142857142857,7.0,2.0,5.0,0.8518518518518519
104,Boston University Terriers,Patriot League,27.0,12.0,15.0,0.4444444444444444,0.7777777777777778,76.29629629629629,75.51851851851852,0.5294246233504925,-0.08498017890604803,0.2962962962962963,0.375,8.0,3.0,5.0,0.7777777777777778
344,Mississippi State Bulldogs,Southeastern Conference,25.0,12.0,13.0,0.48,-1.0,77.36,78.36,0.46314122741420505,0.016858772585794934,0.32,0.5,8.0,4.0,4.0,-1.0
2529,Sacred Heart Pioneers,Metro Atlantic Athletic Conference,28.0,12.0,16.0,0.42857142857142855,-1.1071428571428572,76.25,77.35714285714286,0.45865008838430654,-0.030078659812877995,0.2857142857142857,0.25,8.0,2.0,6.0,-1.1071428571428572
2174,Detroit Mercy Titans,Horizon League,25.0,12.0,13.0,0.48,-1.28,77.28,78.56,0.4529109762208528,0.02708902377914718,0.24,0.6666666666666666,6.0,4.0,2.0,-1.28
2329,Lehigh Mountain Hawks,Patriot League,27.0,12.0,15.0,0.4444444444444444,-1.6296296296296295,73.51851851851852,75.14814814814815,0.43729987227024786,0.007144572174196562,0.37037037037037035,0.5,10.0,5.0,5.0,-1.6296296296296295
2430,UNC Greensboro Spartans,Southern Conference,27.0,12.0,15.0,0.4444444444444444,-1.6296296296296295,78.66666666666667,80.29629629629629,0.4413226752084602,0.0031217692359842286,0.2962962962962963,0.625,8.0,5.0,3.0,-1.6296296296296295
116,Mount St. Mary's Mountaineers,Metro Atlantic Athletic Conference,27.0,12.0,15.0,0.4444444444444444,-4.037037037037037,68.07407407407408,72.11111111111111,0.34017048374022746,0.10427396070421696,0.1111111111111111,0.6666666666666666,3.0,2.0,1.0,-4.037037037037037
2698,West Georgia Wolves,ASUN Conference,26.0,12.0,14.0,0.46153846153846156,-4.115384615384615,75.8076923076923,79.92307692307692,0.35252789862173917,0.1090105629167224,0.19230769230769232,0.6,5.0,3.0,2.0,-4.115384615384615
2363,Manhattan Jaspers,Metro Atlantic Athletic Conference,28.0,12.0,16.0,0.42857142857142855,-4.214285714285714,75.32142857142857,79.53571428571429,0.34840057521603907,0.08017085335538948,0.32142857142857145,0.6666666666666666,9.0,6.0,3.0,-4.214285714285714
135,Minnesota Golden Gophers,Big Ten Conference,25.0,11.0,14.0,0.44,2.04,70.96,68.92,0.5830858614615464,-0.1430858614615464,0.32,0.25,8.0,2.0,6.0,2.04
2507,Providence Friars,Big East Conference,26.0,11.0,15.0,0.4230769230769231,2.0384615384615383,87.42307692307692,85.38461538461539,0.5674177966639745,-0.14434087358705144,0.23076923076923078,0.16666666666666666,6.0,1.0,5.0,2.0384615384615383
2908,South Carolina Upstate Spartans,Big South Conference,27.0,11.0,16.0,0.4074074074074074,0.8888888888888888,75.62962962962963,74.74074074074075,0.5339382787006584,-0.12653087129325097,0.18518518518518517,0.6,5.0,3.0,2.0,0.8888888888888888
2579,South Carolina Gamecocks,Southeastern Conference,25.0,11.0,14.0,0.44,0.52,76.44,75.92,0.5196145784766805,-0.07961457847668046,0.24,0.16666666666666666,6.0,1.0,5.0,0.52
145,Ole Miss Rebels,Southeastern Conference,25.0,11.0,14.0,0.44,0.36,74.04,73.68,0.5140093575692847,-0.07400935756928467,0.28,0.42857142857142855,7.0,3.0,4.0,0.36
242,Rice Owls,American Conference,26.0,11.0,15.0,0.4230769230769231,-0.23076923076923078,74.6923076923077,74.92307692307692,0.4911320283880755,-0.06805510531115244,0.3076923076923077,0.5,8.0,4.0,4.0,-0.23076923076923078
2352,Loyola Maryland Greyhounds,Patriot League,27.0,11.0,16.0,0.4074074074074074,-0.7407407407407407,75.11111111111111,75.85185185185185,0.47181574633826323,-0.06440833893085585,0.18518518518518517,0.4,5.0,2.0,3.0,-0.7407407407407407
2635,Tennessee Tech Golden Eagles,Ohio Valley Conference,27.0,11.0,16.0,0.4074074074074074,-1.1111111111111112,74.66666666666667,75.77777777777777,0.4576342886892124,-0.050226881281805025,0.25925925925925924,0.42857142857142855,7.0,3.0,4.0,-1.1111111111111112
91,Bellarmine Knights,ASUN Conference,26.0,11.0,15.0,0.4230769230769231,-1.7692307692307692,79.34615384615384,81.11538461538461,0.43693621943849775,-0.01385929636157468,0.23076923076923078,0.5,6.0,3.0,3.0,-1.7692307692307692
59,Georgia Tech Yellow Jackets,Atlantic Coast Conference,26.0,11.0,15.0,0.4230769230769231,-1.8076923076923077,74.5,76.3076923076923,0.43150628519596534,-0.008429362119042272,0.19230769230769232,0.6,5.0,3.0,2.0,-1.8076923076923077
2349,UMass Lowell River Hawks,America East Conference,26.0,11.0,15.0,0.4230769230769231,-1.9230769230769231,75.38461538461539,77.3076923076923,0.4280802854510629,-0.005003362374139841,0.19230769230769232,0.4,5.0,2.0,3.0,-1.9230769230769231
2441,New Haven Chargers,Northeast Conference,26.0,11.0,15.0,0.4230769230769231,-2.3076923076923075,64.23076923076923,66.53846153846153,0.39988975246888786,0.023187170608035212,0.19230769230769232,0.2,5.0,1.0,4.0,-2.3076923076923075
270,Milwaukee Panthers,Horizon League,28.0,11.0,17.0,0.39285714285714285,-3.0,76.53571428571429,79.53571428571429,0.3912264703912741,0.0016306724658687322,0.35714285714285715,0.6,10.0,6.0,4.0,-3.0
2197,Eastern Illinois Panthers,Ohio Valley Conference,27.0,11.0,16.0,0.4074074074074074,-3.037037037037037,67.22222222222223,70.25925925925925,0.3756238922876259,0.0317835151197815,0.2222222222222222,0.5,6.0,3.0,3.0,-3.037037037037037
213,Penn State Nittany Lions,Big Ten Conference,26.0,11.0,15.0,0.4230769230769231,-3.576923076923077,75.42307692307692,79.0,0.36985300157168055,0.05322392150524252,0.23076923076923078,0.5,6.0,3.0,3.0,-3.576923076923077
13,Cal Poly Mustangs,Big West Conference,27.0,11.0,16.0,0.4074074074074074,-3.962962962962963,81.33333333333333,85.29629629629629,0.3665343306503588,0.0408730767570486,0.2962962962962963,0.375,8.0,3.0,5.0,-3.962962962962963
159,Dartmouth Big Green,Ivy League,23.0,10.0,13.0,0.43478260869565216,1.1304347826086956,76.56521739130434,75.43478260869566,0.5426599774874948,-0.10787736879184268,0.13043478260869565,0.6666666666666666,3.0,2.0,1.0,1.1304347826086956
77,Northwestern Wildcats,Big Ten Conference,26.0,10.0,16.0,0.38461538461538464,1.0,74.0,73.0,0.539036643168483,-0.15442125855309835,0.2692307692307692,0.2857142857142857,7.0,2.0,5.0,1.0
236,Chattanooga Mocs,Southern Conference,27.0,10.0,17.0,0.37037037037037035,0.8148148148148148,74.66666666666667,73.85185185185185,0.531504658582512,-0.1611342882121416,0.2222222222222222,0.16666666666666666,6.0,1.0,5.0,0.8148148148148148
282,Indiana State Sycamores,Missouri Valley Conference,27.0,10.0,17.0,0.37037037037037035,0.18518518518518517,75.11111111111111,74.92592592592592,0.5070965401121112,-0.1367261697417409,0.4074074074074074,0.2727272727272727,11.0,3.0,8.0,0.18518518518518517
2306,Kansas State Wildcats,Big 12 Conference,25.0,10.0,15.0,0.4,-0.48,80.2,80.68,0.48285103427061876,-0.08285103427061874,0.32,0.375,8.0,3.0,5.0,-0.48
2717,Western Carolina Catamounts,Southern Conference,25.0,10.0,15.0,0.4,-0.92,78.08,79.0,0.4663733436184152,-0.06637334361841518,0.32,0.5,8.0,4.0,4.0,-0.92
294,Jacksonville Dolphins,ASUN Conference,27.0,10.0,17.0,0.37037037037037035,-1.0740740740740742,71.88888888888889,72.96296296296296,0.4574661111331665,-0.08709574076279614,0.2962962962962963,0.625,8.0,5.0,3.0,-1.0740740740740742
2448,North Carolina A&T Aggies,Coastal Athletic Association,24.0,10.0,14.0,0.4166666666666667,-1.25,74.66666666666667,75.91666666666667,0.4524123322135522,-0.03574566554688552,0.3333333333333333,0.375,8.0,3.0,5.0,-1.25
304,Idaho State Bengals,Big Sky Conference,27.0,10.0,17.0,0.37037037037037035,-1.7037037037037037,74.29629629629629,76.0,0.4351840860022565,-0.06481371563188615,0.18518518518518517,0.4,5.0,2.0,3.0,-1.7037037037037037
161,Fairleigh Dickinson Knights,Northeast Conference,27.0,10.0,17.0,0.37037037037037035,-1.8148148148148149,67.88888888888889,69.70370370370371,0.4247308530613581,-0.054360482690987755,0.18518518518518517,0.2,5.0,1.0,4.0,-1.8148148148148149
2638,UTEP Miners,Conference USA,26.0,10.0,16.0,0.38461538461538464,-2.0384615384615383,69.8076923076923,71.84615384615384,0.41799659077627654,-0.03338120616089191,0.34615384615384615,0.5555555555555556,9.0,5.0,4.0,-2.0384615384615383
2464,Northern Arizona Lumberjacks,Big Sky Conference,27.0,10.0,17.0,0.37037037037037035,-3.4074074074074074,72.5925925925926,76.0,0.37109777624775503,-0.0007274058773846792,0.14814814814814814,0.5,4.0,2.0,2.0,-3.4074074074074074
2415,Morgan State Bears,Mid-Eastern Athletic Conference,23.0,10.0,13.0,0.43478260869565216,-3.739130434782609,74.82608695652173,78.56521739130434,0.3633696194166034,0.07141298927904877,0.30434782608695654,0.5714285714285714,7.0,4.0,3.0,-3.739130434782609
2031,Little Rock Trojans,Ohio Valley Conference,27.0,10.0,17.0,0.37037037037037035,-4.2592592592592595,70.51851851851852,74.77777777777777,0.33750735929006725,0.032863011080303095,0.18518518518518517,0.2,5.0,1.0,4.0,-4.2592592592592595
325,Cleveland State Vikings,Horizon League,27.0,10.0,17.0,0.37037037037037035,-4.518518518518518,80.33333333333333,84.85185185185185,0.3476681496072458,0.02270222076312456,0.2222222222222222,0.6666666666666666,6.0,4.0,2.0,-4.518518518518518
349,Army Black Knights,Patriot League,27.0,10.0,17.0,0.37037037037037035,-5.037037037037037,72.37037037037037,77.4074074074074,0.3156612514149593,0.05470911895541103,0.2222222222222222,0.8333333333333334,6.0,5.0,1.0,-5.037037037037037
164,Rutgers Scarlet Knights,Big Ten Conference,25.0,10.0,15.0,0.4,-5.64,70.0,75.64,0.29087565469186444,0.10912434530813558,0.2,0.6,5.0,3.0,2.0,-5.64
120,Maryland Terrapins,Big Ten Conference,25.0,10.0,15.0,0.4,-6.8,71.4,78.2,0.2599601955357752,0.14003980446422482,0.08,1.0,2.0,2.0,0.0,-6.8
2198,Eastern Kentucky Colonels,ASUN Conference,27.0,9.0,18.0,0.3333333333333333,-0.7037037037037037,80.0,80.70370370370371,0.47484248838799564,-0.14150915505466233,0.25925925925925924,0.42857142857142855,7.0,3.0,4.0,-0.7037037037037037
2681,Wagner Seahawks,Northeast Conference,24.0,9.0,15.0,0.375,-1.25,71.91666666666667,73.16666666666667,0.4506197717550799,-0.07561977175507989,0.375,0.4444444444444444,9.0,4.0,5.0,-1.25
399,UAlbany Great Danes,America East Conference,26.0,9.0,17.0,0.34615384615384615,-1.4230769230769231,72.5,73.92307692307692,0.4443459084478728,-0.09819206229402666,0.19230769230769232,0.4,5.0,2.0,3.0,-1.4230769230769231
269,Marquette Golden Eagles,Big East Conference,26.0,9.0,17.0,0.34615384615384615,-1.7307692307692308,75.96153846153847,77.6923076923077,0.4355886978752533,-0.08943485172140714,0.3076923076923077,0.375,8.0,3.0,5.0,-1.7307692307692308
221,Pittsburgh Panthers,Atlantic Coast Conference,26.0,9.0,17.0,0.34615384615384615,-1.8461538461538463,69.92307692307692,71.76923076923077,0.4256329671215746,-0.07947912096772847,0.15384615384615385,0.5,4.0,2.0,2.0,-1.8461538461538463
103,Boston College Eagles,Atlantic Coast Conference,25.0,9.0,16.0,0.36,-1.88,67.44,69.32,0.42160352011340774,-0.06160352011340775,0.32,0.375,8.0,3.0,5.0,-1.88
2199,Eastern Michigan Eagles,Mid-American Conference,26.0,9.0,17.0,0.34615384615384615,-2.230769230769231,71.15384615384616,73.38461538461539,0.4121694341617722,-0.06601558800792606,0.23076923076923078,0.0,6.0,0.0,6.0,-2.230769230769231
2483,Oregon Ducks,Big Ten Conference,25.0,9.0,16.0,0.36,-2.64,72.24,74.88,0.3982484453337083,-0.0382484453337083,0.2,0.4,5.0,2.0,3.0,-2.64
331,Eastern Washington Eagles,Big Sky Conference,26.0,9.0,17.0,0.34615384615384615,-3.0384615384615383,77.07692307692308,80.11538461538461,0.3906369167063813,-0.04448307055253514,0.34615384615384615,0.2222222222222222,9.0,2.0,7.0,-3.0384615384615383
254,Utah Utes,Big 12 Conference,25.0,9.0,16.0,0.36,-3.16,76.36,79.52,0.3854876239724951,-0.0254876239724951,0.24,0.5,6.0,3.0,3.0,-3.16
16,Sacramento State Hornets,Big Sky Conference,25.0,9.0,16.0,0.36,-3.44,78.88,82.32,0.3796831317730451,-0.019683131773045093,0.28,0.42857142857142855,7.0,3.0,4.0,-3.44
284,Stonehill Skyhawks,Northeast Conference,27.0,9.0,18.0,0.3333333333333333,-3.5555555555555554,65.03703703703704,68.5925925925926,0.351576234272018,-0.018242900938684692,0.3333333333333333,0.5555555555555556,9.0,5.0,4.0,-3.5555555555555554
2428,North Carolina Central Eagles,Mid-Eastern Athletic Conference,23.0,9.0,14.0,0.391304347826087,-3.5652173913043477,72.17391304347827,75.73913043478261,0.36482397813016454,0.026480369695922434,0.21739130434782608,0.4,5.0,2.0,3.0,-3.5652173913043477
2711,Western Michigan Broncos,Mid-American Conference,25.0,9.0,16.0,0.36,-4.48,74.84,79.32,0.3388138167602993,0.021186183239700673,0.2,0.2,5.0,1.0,4.0,-4.48
48,Delaware Blue Hens,Conference USA,25.0,9.0,16.0,0.36,-4.96,66.88,71.84,0.305185156485759,0.054814843514240985,0.24,0.3333333333333333,6.0,2.0,4.0,-4.96
107,Holy Cross Crusaders,Patriot League,27.0,9.0,18.0,0.3333333333333333,-5.407407407407407,67.51851851851852,72.92592592592592,0.291938767718069,0.041394565615264334,0.18518518518518517,0.2,5.0,1.0,4.0,-5.407407407407407
151,East Carolina Pirates,American Conference,25.0,9.0,16.0,0.36,-6.08,70.28,76.36,0.27804597965115274,0.08195402034884725,0.32,0.625,8.0,5.0,3.0,-6.08
2643,The Citadel Bulldogs,Southern Conference,27.0,9.0,18.0,0.3333333333333333,-7.037037037037037,69.14814814814815,76.18518518518519,0.24702712051417963,0.08630621281915368,0.18518518518518517,0.6,5.0,3.0,2.0,-7.037037037037037
56,Stetson Hatters,ASUN Conference,27.0,9.0,18.0,0.3333333333333333,-7.814814814814815,72.74074074074075,80.55555555555556,0.23621882499862135,0.09711450833471197,0.25925925925925924,0.42857142857142855,7.0,3.0,4.0,-7.814814814814815
225,Brown Bears,Ivy League,23.0,8.0,15.0,0.34782608695652173,1.9130434782608696,70.30434782608695,68.3913043478261,0.5786567141136552,-0.23083062715713343,0.17391304347826086,0.5,4.0,2.0,2.0,1.9130434782608696
299,Long Beach State Beach,Big West Conference,26.0,8.0,18.0,0.3076923076923077,-2.8461538461538463,74.15384615384616,77.0,0.39337914699566984,-0.08568683930336213,0.2692307692307692,0.2857142857142857,7.0,2.0,5.0,-2.8461538461538463
163,Princeton Tigers,Ivy League,25.0,8.0,17.0,0.32,-3.32,69.08,72.4,0.3682289835226557,-0.0482289835226557,0.4,0.1,10.0,1.0,9.0,-3.32
2117,Central Michigan Chippewas,Mid-American Conference,25.0,8.0,17.0,0.32,-3.36,73.96,77.32,0.3749767441530273,-0.05497674415302728,0.28,0.2857142857142857,7.0,2.0,5.0,-3.36
2050,Ball State Cardinals,Mid-American Conference,25.0,8.0,17.0,0.32,-3.68,66.36,70.04,0.3496271565427813,-0.029627156542781308,0.24,0.6666666666666666,6.0,4.0,2.0,-3.68
160,New Hampshire Wildcats,America East Conference,24.0,8.0,16.0,0.3333333333333333,-4.25,70.04166666666667,74.29166666666667,0.3368312161273163,-0.003497882793982998,0.25,0.3333333333333333,6.0,2.0,4.0,-4.25
2459,Northern Illinois Huskies,Mid-American Conference,24.0,8.0,16.0,0.3333333333333333,-5.458333333333333,71.04166666666667,76.5,0.29916481839358033,0.03416851493975298,0.25,0.5,6.0,3.0,3.0,-5.458333333333333
322,Lafayette Leopards,Patriot League,27.0,8.0,19.0,0.2962962962962963,-5.555555555555555,68.33333333333333,73.88888888888889,0.2892776512100869,0.007018645086209363,0.25925925925925924,0.42857142857142855,7.0,3.0,4.0,-5.555555555555555
27,UC Riverside Highlanders,Big West Conference,27.0,8.0,19.0,0.2962962962962963,-6.0,71.85185185185185,77.85185185185185,0.2844864436374674,0.01180985265882889,0.18518518518518517,0.4,5.0,2.0,3.0,-6.0
2379,Maryland Eastern Shore Hawks,Mid-Eastern Athletic Conference,26.0,8.0,18.0,0.3076923076923077,-7.5,63.65384615384615,71.15384615384616,0.2173931073234266,0.09029920036888112,0.2692307692307692,0.42857142857142855,7.0,3.0,4.0,-7.5
2803,Bryant Bulldogs,America East Conference,26.0,8.0,18.0,0.3076923076923077,-7.846153846153846,64.46153846153847,72.3076923076923,0.21066686485736763,0.09702544283494008,0.19230769230769232,0.4,5.0,2.0,3.0,-7.846153846153846
2453,North Alabama Lions,ASUN Conference,25.0,8.0,17.0,0.32,-7.96,70.36,78.32,0.22573579459532017,0.09426420540467983,0.2,0.6,5.0,3.0,2.0,-7.96
2934,Cal State Bakersfield Roadrunners,Big West Conference,26.0,8.0,18.0,0.3076923076923077,-7.961538461538462,72.11538461538461,80.07692307692308,0.23071406919555895,0.07697823849674876,0.19230769230769232,0.8,5.0,4.0,1.0,-7.961538461538462
2099,Canisius Golden Griffins,Metro Atlantic Athletic Conference,27.0,8.0,19.0,0.2962962962962963,-8.11111111111111,63.03703703703704,71.14814814814815,0.19909163928063486,0.09720465701566142,0.2962962962962963,0.5,8.0,4.0,4.0,-8.11111111111111
2083,Bucknell Bison,Patriot League,27.0,8.0,19.0,0.2962962962962963,-9.814814814814815,67.22222222222223,77.03703703703704,0.17260907948909945,0.12368721680719683,0.25925925925925924,0.2857142857142857,7.0,2.0,5.0,-9.814814814814815
85,IU Indianapolis Jaguars,Horizon League,28.0,7.0,21.0,0.25,-4.071428571428571,84.0,88.07142857142857,0.36718534923492724,-0.11718534923492724,0.2857142857142857,0.25,8.0,2.0,6.0,-4.071428571428571
2325,La Salle Explorers,Atlantic 10 Conference,25.0,7.0,18.0,0.28,-6.88,65.76,72.64,0.2415325182770485,0.03846748172295153,0.24,0.5,6.0,3.0,3.0,-6.88
315,Niagara Purple Eagles,Metro Atlantic Athletic Conference,26.0,7.0,19.0,0.2692307692307692,-7.615384615384615,63.34615384615385,70.96153846153847,0.21323680436118794,0.055993964869581275,0.3076923076923077,0.375,8.0,3.0,5.0,-7.615384615384615
111,Northeastern Huskies,Coastal Athletic Association,24.0,6.0,18.0,0.25,-6.25,75.125,81.375,0.2851577937908137,-0.035157793790813685,0.16666666666666666,0.25,4.0,1.0,3.0,-6.25
311,Maine Black Bears,America East Conference,27.0,6.0,21.0,0.2222222222222222,-6.777777777777778,62.55555555555556,69.33333333333333,0.23451079132355995,-0.012288569101337743,0.25925925925925924,0.2857142857142857,7.0,2.0,5.0,-6.777777777777778
2678,VMI Keydets,Southern Conference,27.0,6.0,21.0,0.2222222222222222,-7.111111111111111,72.4074074074074,79.51851851851852,0.2540106283805917,-0.031788406158369475,0.07407407407407407,0.5,2.0,1.0,1.0,-7.111111111111111
23,San José State Spartans,Mountain West Conference,25.0,6.0,19.0,0.24,-7.2,70.16,77.36,0.24537148169192152,-0.005371481691921531,0.08,0.0,2.0,0.0,2.0,-7.2
339,Evansville Purple Aces,Missouri Valley Conference,26.0,6.0,20.0,0.23076923076923078,-7.576923076923077,67.38461538461539,74.96153846153847,0.2269837007326419,0.00378553003658888,0.3076923076923077,0.25,8.0,2.0,6.0,-7.576923076923077
2454,North Florida Ospreys,ASUN Conference,27.0,6.0,21.0,0.2222222222222222,-8.962962962962964,80.66666666666667,89.62962962962963,0.2294099521661436,-0.007187729943921389,0.1111111111111111,0.6666666666666666,3.0,2.0,1.0,-8.962962962962964
2169,Delaware State Hornets,Mid-Eastern Athletic Conference,24.0,6.0,18.0,0.25,-9.458333333333334,61.041666666666664,70.5,0.1602129856205821,0.08978701437941791,0.2916666666666667,0.42857142857142855,7.0,3.0,4.0,-9.458333333333334
2598,Saint Francis Red Flash,Northeast Conference,26.0,6.0,20.0,0.23076923076923078,-9.923076923076923,71.42307692307692,81.34615384615384,0.18301328376119372,0.047755947008037064,0.23076923076923078,0.5,6.0,3.0,3.0,-9.923076923076923
2350,Loyola Chicago Ramblers,Atlantic 10 Conference,26.0,6.0,20.0,0.23076923076923078,-10.653846153846153,67.23076923076923,77.88461538461539,0.15556286477556333,0.07520636599366745,0.23076923076923078,0.6666666666666666,6.0,4.0,2.0,-10.653846153846153
2130,Chicago State Cougars,Northeast Conference,27.0,6.0,21.0,0.2222222222222222,-11.37037037037037,66.07407407407408,77.44444444444444,0.1387130345870672,0.083509187635155,0.18518518518518517,0.4,5.0,2.0,3.0,-11.37037037037037
2569,South Carolina State Bulldogs,Mid-Eastern Athletic Conference,23.0,6.0,17.0,0.2608695652173913,-15.434782608695652,65.3913043478261,80.82608695652173,0.08039660343598194,0.18047296178140937,0.17391304347826086,0.5,4.0,2.0,2.0,-15.434782608695652
88,Southern Indiana Screaming Eagles,Ohio Valley Conference,26.0,5.0,21.0,0.19230769230769232,-5.3076923076923075,68.5,73.8076923076923,0.29770803875217544,-0.10540034644448312,0.19230769230769232,0.0,5.0,0.0,5.0,-5.3076923076923075
2066,Binghamton Bearcats,America East Conference,27.0,5.0,22.0,0.18518518518518517,-8.296296296296296,66.96296296296296,75.25925925925925,0.20698569448871082,-0.021800509303525645,0.14814814814814814,0.25,4.0,1.0,3.0,-8.296296296296296
2710,Western Illinois Leathernecks,Ohio Valley Conference,27.0,5.0,22.0,0.18518518518518517,-11.074074074074074,65.4074074074074,76.48148148148148,0.14200318156093836,0.04318200362424682,0.25925925925925924,0.14285714285714285,7.0,1.0,6.0,-11.074074074074074
2636,UTSA Roadrunners,American Conference,25.0,5.0,20.0,0.2,-11.08,69.56,80.64,0.15449676712102633,0.045503232878973676,0.08,0.5,2.0,1.0,1.0,-11.08
2154,Coppin State Eagles,Mid-Eastern Athletic Conference,26.0,5.0,21.0,0.19230769230769232,-16.884615384615383,65.26923076923077,82.15384615384616,0.06624594951364104,0.12606174279405127,0.19230769230769232,0.6,5.0,3.0,2.0,-16.884615384615383
2520,Rider Broncs,Metro Atlantic Athletic Conference,25.0,3.0,22.0,0.12,-13.04,63.52,76.56,0.10458574568356735,0.015414254316432646,0.24,0.3333333333333333,6.0,2.0,4.0,-13.04
2005,Air Force Falcons,Mountain West Conference,25.0,3.0,22.0,0.12,-17.56,61.44,79.0,0.05260286493824332,0.06739713506175668,0.12,0.3333333333333333,3.0,1.0,2.0,-17.56
2241,Gardner-Webb Runnin' Bulldogs,Big South Conference,27.0,3.0,24.0,0.1111111111111111,-19.037037037037038,68.74074074074075,87.77777777777777,0.05671323719387953,0.054397873917231575,0.07407407407407407,0.5,2.0,1.0,1.0,-19.037037037037038
